Link, Anchor Text
"https://www.hojskolesangbogen.dk/om-sangbogen/historier-om-sangene/d/den-signede-dag/", 1. Den signede dag
"https://www.hojskolesangbogen.dk/om-sangbogen/historier-om-sangene/d/den-moerke-nat-forgangen-er/", 2. Den mørke nat forgangen er
"https://www.hojskolesangbogen.dk/om-sangbogen/historier-om-sangene/m-n/nu-rinder-solen-op/", 3. Nu rinder solen op
"https://www.hojskolesangbogen.dk/om-sangbogen/historier-om-sangene/v/vaagn-op-og-slaa-paa-dine-strenge/", 4. Vågn op og slå på dine strenge
"https://www.hojskolesangbogen.dk/om-sangbogen/historier-om-sangene/m-n/morgenhanen-atter-gol/", 5. Morgenhanen atter gol
"https://www.hojskolesangbogen.dk/om-sangbogen/historier-om-sangene/m-n/morgenstund-har-guld-i-mund/", 6. Morgenstund har guld i mund
"https://www.hojskolesangbogen.dk/om-sangbogen/historier-om-sangene/m-n/nu-ringer-alle-klokker-mod-sky/", 7. Nu ringer alle klokker mod sky
"https://www.hojskolesangbogen.dk/om-sangbogen/historier-om-sangene/j-l/lysets-engel-gaar-med-glans/", 8. Lysets engel går med glans
"https://www.hojskolesangbogen.dk/om-sangbogen/historier-om-sangene/m-n/nu-vaagne-alle-guds-fugle-smaa/", 9. Nu vågne alle Guds fugle små
"https://www.hojskolesangbogen.dk/om-sangbogen/historier-om-sangene/h-i/i-oesten-stiger-solen-op/", 10. I østen stiger solen op
"https://www.hojskolesangbogen.dk/om-sangbogen/historier-om-sangene/e-g/gud-ske-tak-og-lov/", 11. Gud ske tak og lov
"https://www.hojskolesangbogen.dk/om-sangbogen/historier-om-sangene/m-n/nu-titte-til-hinanden/", 12. Nu titte til hinanden
"https://www.hojskolesangbogen.dk/om-sangbogen/historier-om-sangene/s/se-nu-stiger-solen/", 13. Se, nu stiger solen af havets skød
"https://www.hojskolesangbogen.dk/om-sangbogen/historier-om-sangene/a-c/begynd-daen-med-en-sang/", 14. Begynd daen med en sang
"https://www.hojskolesangbogen.dk/om-sangbogen/historier-om-sangene/m-n/nu-drejer-vort-land-sig-mod-solen/", 15. Nu drejer vort land sig mod solen
"https://www.hojskolesangbogen.dk/om-sangbogen/historier-om-sangene/s/som-sol-der-rammer-klodernes-gang/", 16. Som sol der rammer klodernes gang
"https://www.hojskolesangbogen.dk/om-sangbogen/historier-om-sangene/s/svantes-lykkelige-dag/", 17. Svantes lykkelige dag
"https://www.hojskolesangbogen.dk/om-sangbogen/historier-om-sangene/m-n/morning-has-broken/", 18. Morning has broken
"https://www.hojskolesangbogen.dk/om-sangbogen/historier-om-sangene/m-n/morgenens-graalys/", 19. Morgenens grålys
"https://www.hojskolesangbogen.dk/om-sangbogen/historier-om-sangene/m-n/nu-blitzer-edderkoppespind-i-graner/", 20. Nu blitzer edderkoppespind i graner
"https://www.hojskolesangbogen.dk/om-sangbogen/historier-om-sangene/v/vi-ser-det-i-de-klare-naetters-himmel", 21. Vi ser det i de klare nætters himmel
"https://www.hojskolesangbogen.dk/om-sangbogen/historier-om-sangene/d/denne-morgens-mulighed/", 22. Denne morgens mulighed
"https://www.hojskolesangbogen.dk/om-sangbogen/historier-om-sangene/s/solen-begynder-at-gloede/", 23. Solen begynder at gløde
"https://www.hojskolesangbogen.dk/om-sangbogen/historier-om-sangene/e-g/godmorgen-lille-land/", 24. Godmorgen lille land
"https://www.hojskolesangbogen.dk/om-sangbogen/historier-om-sangene/m-n/morgen-lys-af-muligheder/", 25. Morgen, lys af muligheder
"https://www.hojskolesangbogen.dk/om-sangbogen/historier-om-sangene/j-l/lyset-er-vendt/", 26. Lyset er vendt
"https://www.hojskolesangbogen.dk/om-sangbogen/historier-om-sangene/s/saa-kom-den-lyse-morgen/", 27. Så kom den lyse morgen
"https://www.hojskolesangbogen.dk/om-sangbogen/historier-om-sangene/j-l/lyset-springer-pludslig-ud/", 28. Lyset springer pluds'lig ud
"https://www.hojskolesangbogen.dk/om-sangbogen/historier-om-sangene/m-n/naar-det-spirer-som-i-dag", 29. Når det spirer som i dag
"https://www.hojskolesangbogen.dk/om-sangbogen/historier-om-sangene/d/daggryet-lister-sig-frem-over-himlen", 30. Daggryet lister sig frem over himlen
"https://www.hojskolesangbogen.dk/om-sangbogen/historier-om-sangene/j-l/lyset-vaelder-ind-i-verden", 31. Lyset vælder ind i verden


"https://www.hojskolesangbogen.dk/om-sangbogen/historier-om-sangene/a-c/aleneste-gud-i-himmerig/", 32. Aleneste Gud i Himmerig
"https://www.hojskolesangbogen.dk/om-sangbogen/historier-om-sangene/m-n/nu-fryde-sig-hver-kristen-mand/", 33. Nu fryde sig hver kristen mand
"https://www.hojskolesangbogen.dk/om-sangbogen/historier-om-sangene/v/vor-gud-han-er-saa-fast-en-borg/", 34. Vor Gud han er så fast en borg
"https://www.hojskolesangbogen.dk/om-sangbogen/historier-om-sangene/m-n/nu-takker-alle-gud/", 35. Nu takker alle Gud
"https://www.hojskolesangbogen.dk/om-sangbogen/historier-om-sangene/a-c/befal-du-dine-veje/", 36. Befal du dine veje
"https://www.hojskolesangbogen.dk/om-sangbogen/historier-om-sangene/h-i/herre-gud-dit-dyre-navn-og-aere/", 37. Herre Gud! Dit dyre navn og ære
"https://www.hojskolesangbogen.dk/om-sangbogen/historier-om-sangene/o-r/om-alle-mine-lemmer/", 38. Om alle mine lemmer
"https://www.hojskolesangbogen.dk/om-sangbogen/historier-om-sangene/o-r/op-al-den-ting-som-gud-har-gjort/", 39. Op, al den ting, som Gud har gjort
"https://www.hojskolesangbogen.dk/om-sangbogen/historier-om-sangene/h-i/her-vil-ties-her-vil-bies/", 40. Her vil ties, her vil bies
"https://www.hojskolesangbogen.dk/om-sangbogen/historier-om-sangene/h-i/hvad-vindes-paa-verdens-vidtloeftige-hav/", 41. Hvad vindes på verdens vidtløftige hav
"https://www.hojskolesangbogen.dk/om-sangbogen/historier-om-sangene/j-l/jeg-kender-et-land/", 42. Jeg kender et land
"https://www.hojskolesangbogen.dk/om-sangbogen/historier-om-sangene/h-i/himlene-herre-fortaelle-din-aere/", 43. Himlene, Herre, fortælle din ære
"https://www.hojskolesangbogen.dk/om-sangbogen/historier-om-sangene/e-g/giv-mig-gud-en-salmetunge/", 44. Giv mig, Gud, en salmetunge
"https://www.hojskolesangbogen.dk/om-sangbogen/historier-om-sangene/j-l/kirken-den-er-et-gammelt-hus/", 45. Kirken den er et gammelt hus
"https://www.hojskolesangbogen.dk/om-sangbogen/historier-om-sangene/a-c/at-sige-verden-ret-farvel/", 46. At sige verden ret farvel
"https://www.hojskolesangbogen.dk/om-sangbogen/historier-om-sangene/j-l/kirkeklokken/", 47. Kirkeklokken
"https://www.hojskolesangbogen.dk/om-sangbogen/historier-om-sangene/m-n/min-jesus-lad-mit-hjerte-faa", 48. Min Jesus, lad mit hjerte få
"https://www.hojskolesangbogen.dk/om-sangbogen/historier-om-sangene/s/sov-soedt-barnlille/", 49. Sov sødt, barnlille
"https://www.hojskolesangbogen.dk/om-sangbogen/historier-om-sangene/a-c/alt-hvad-som-fuglevinger-fik/", 50. Alt, hvad som fuglevinger fik
"https://www.hojskolesangbogen.dk/om-sangbogen/historier-om-sangene/o-r/o-kristelighed/", 51. O kristelighed
"https://www.hojskolesangbogen.dk/om-sangbogen/historier-om-sangene/v/vi-kan-foele-vi-skal-laere/", 52. Vi kan føle, vi skal lære
"https://www.hojskolesangbogen.dk/om-sangbogen/historier-om-sangene/a-c/alle-mine-kilder-skal-vaere-hos-dig/", 53. Alle mine kilder skal være hos dig
"https://www.hojskolesangbogen.dk/om-sangbogen/historier-om-sangene/j-l/lille-guds-barn-hvad-skader-dig/", 54. Lille Guds barn, hvad skader dig?
"https://www.hojskolesangbogen.dk/om-sangbogen/historier-om-sangene/t-u/til-himlene-raekker-din-miskundhed-gud/", 55. Til himlene rækker din miskundhed, Gud
"https://www.hojskolesangbogen.dk/om-sangbogen/historier-om-sangene/d/dejlig-er-jorden/", 56. Dejlig er jorden
"https://www.hojskolesangbogen.dk/om-sangbogen/historier-om-sangene/a-c/amazing-grace/", 57. Amazing Grace
"https://www.hojskolesangbogen.dk/om-sangbogen/historier-om-sangene/m-n/naaden-er-din-dagligdag/", 58. Nåden er din dagligdag
"https://www.hojskolesangbogen.dk/om-sangbogen/historier-om-sangene/d/du-som-gir-os-liv-og-goer-os-glade/", 59. Du, som gir os liv og gør os glade
"https://www.hojskolesangbogen.dk/om-sangbogen/historier-om-sangene/d/du-satte-dig-selv-i-de-nederstes-sted/", 60. Du satte dig selv i de nederstes sted
"https://www.hojskolesangbogen.dk/om-sangbogen/historier-om-sangene/m-n/menneske-din-egen-magt/", 61. Menneske, din egen magt
"https://www.hojskolesangbogen.dk/om-sangbogen/historier-om-sangene/t-u/uberoert-af-byens-travlhed/", 62. Uberørt af byens travlhed
"https://www.hojskolesangbogen.dk/om-sangbogen/historier-om-sangene/s/spaend-over-os-dit-himmelsejl/", 63. Spænd over os dit himmelsejl
"https://www.hojskolesangbogen.dk/om-sangbogen/historier-om-sangene/d/du-kom-til-vor-runde-jord/", 64. Du kom til vor runde jord
"https://www.hojskolesangbogen.dk/om-sangbogen/historier-om-sangene/t-u/usynlige", 65. Usynlige
"https://www.hojskolesangbogen.dk/om-sangbogen/historier-om-sangene/a-c/blinkende-draaber-fra-traeernes-grene/", 66. Blinkende dråber fra træernes grene
"https://www.hojskolesangbogen.dk/om-sangbogen/historier-om-sangene/t-u/troen-er-ikke-en-klippe/", 67. Troen er ikke en klippe
"https://www.hojskolesangbogen.dk/om-sangbogen/historier-om-sangene/v/vi-traekker-streger", 68. Vi trækker streger
"https://www.hojskolesangbogen.dk/om-sangbogen/historier-om-sangene/d/du-skal-elske-din-naeste-som-dig-selv", 69. Du skal elske din næste som dig selv
"https://www.hojskolesangbogen.dk/om-sangbogen/historier-om-sangene/e-g/groen-salme", 70. Grøn salme
"https://www.hojskolesangbogen.dk/om-sangbogen/historier-om-sangene/e-g/et-hus-at-komme-til", 71. Et hus at komme til
"https://www.hojskolesangbogen.dk/om-sangbogen/historier-om-sangene/d/du-lagde-livstid-i-min-krop", 72. Du lagde livstid i min krop
"https://www.hojskolesangbogen.dk/om-sangbogen/historier-om-sangene/m-n/naar-vintermoerket-blaeser-sorg-og-laengsel-ind", 73. Når vintermørket blæser sorg og længsel ind
"https://www.hojskolesangbogen.dk/om-sangbogen/historier-om-sangene/m-n/min-naade-er-dig-nok", 74. Min nåde er dig nok
"https://www.hojskolesangbogen.dk/om-sangbogen/historier-om-sangene/o-r/og-gud-sang/", 75. Og Gud sang


"https://www.hojskolesangbogen.dk/om-sangbogen/historier-om-sangene/s/sorrig-og-glaede-de-vandre-til-hobe/", 76. Sorrig og glæde de vandre til hobe
"https://www.hojskolesangbogen.dk/om-sangbogen/historier-om-sangene/t-u/tit-er-jeg-glad/", 77. Tit er jeg glad
"https://www.hojskolesangbogen.dk/om-sangbogen/historier-om-sangene/h-i/hulde-engel-du-min-barndoms-ven/", 78. Hulde engel, du min barndoms ven
"https://www.hojskolesangbogen.dk/om-sangbogen/historier-om-sangene/t-u/udrundne-er-de-gamle-dage", 79. Udrundne er de gamle dage
"https://www.hojskolesangbogen.dk/om-sangbogen/historier-om-sangene/m-n/menneske-foerst-og-kristen-saa", 80. Menneske først og kristen så
"https://www.hojskolesangbogen.dk/om-sangbogen/historier-om-sangene/m-n/nu-skal-det-aabenbares/", 81. Nu skal det åbenbares
"https://www.hojskolesangbogen.dk/om-sangbogen/historier-om-sangene/e-g/er-lyset-for-de-laerde-blot/", 82. Er lyset for de lærde blot
"https://www.hojskolesangbogen.dk/om-sangbogen/historier-om-sangene/e-g/folkeligt-skal-alt-nu-vaere/", 83. Folkeligt skal alt nu være
"https://www.hojskolesangbogen.dk/om-sangbogen/historier-om-sangene/h-i/hvad-solskin-er-for-det-sorte-muld/", 84 Hvad solskin er for det sorte muld
"https://www.hojskolesangbogen.dk/om-sangbogen/historier-om-sangene/h-i/ingen-har-guldtaarer-faeldet", 85. Ingen har guldtårer fældet
"https://www.hojskolesangbogen.dk/om-sangbogen/historier-om-sangene/m-n/menneskelivet-er-underligt/", 86. Menneskelivet er underligt
"https://www.hojskolesangbogen.dk/om-sangbogen/historier-om-sangene/e-g/et-jaevnt-og-muntert-virksomt-liv-paa-jord/", 87. Et jævnt og muntert, virksomt liv på jord
"https://www.hojskolesangbogen.dk/om-sangbogen/historier-om-sangene/j-l/jeg-elsker-den-brogede-verden/", 88. Jeg elsker den brogede verden
"https://www.hojskolesangbogen.dk/om-sangbogen/historier-om-sangene/o-r/paa-det-jaevne-paa-det-jaevne/", 89. På det jævne, på det jævne
"https://www.hojskolesangbogen.dk/om-sangbogen/historier-om-sangene/e-g/goeglervise/", 90. Gøglervise
"https://www.hojskolesangbogen.dk/om-sangbogen/historier-om-sangene/j-l/jens-vejmand/", 91. Jens Vejmand
"https://www.hojskolesangbogen.dk/om-sangbogen/historier-om-sangene/j-l/lirekassen/", 92. Lirekassen
"https://www.hojskolesangbogen.dk/om-sangbogen/historier-om-sangene/j-l/jeg-ved-en-laerkerede/", 93. Jeg ved en lærkerede
"https://www.hojskolesangbogen.dk/om-sangbogen/historier-om-sangene/e-g/en-strimma-hav", 94. En strimma hav
"https://www.hojskolesangbogen.dk/om-sangbogen/historier-om-sangene/e-g/en-soemand-har-sin-enegang/", 95. En sømand har sin enegang
"https://www.hojskolesangbogen.dk/om-sangbogen/historier-om-sangene/d/de-smaa-boerns-smil/", 96. De små børns smil
"https://www.hojskolesangbogen.dk/om-sangbogen/historier-om-sangene/s/storbyens-ensomhed/", 97. Storbyens ensomhed
"https://www.hojskolesangbogen.dk/om-sangbogen/historier-om-sangene/s/sangen-om-larsen/", 98. Sangen om Larsen
"https://www.hojskolesangbogen.dk/om-sangbogen/historier-om-sangene/t-u/ud-ad-landevej-n-der-sku-man-gaa/", 99. Ud ad landevej’n der sku’ man gå
"https://www.hojskolesangbogen.dk/om-sangbogen/historier-om-sangene/m-n/manden-paa-risten/", 100. Manden på risten
"https://www.hojskolesangbogen.dk/om-sangbogen/historier-om-sangene/a-c/byens-lys/", 101. Byens lys
"https://www.hojskolesangbogen.dk/om-sangbogen/historier-om-sangene/h-i/i-dit-korte-liv/", 102. I dit korte liv
"https://www.hojskolesangbogen.dk/om-sangbogen/historier-om-sangene/s/solen-staar-stille-i-gibeons-dal/", 103. Solen står stille i Gibeons dal
"https://www.hojskolesangbogen.dk/om-sangbogen/historier-om-sangene/d/du-skal-plante-et-trae/", 104. Du skal plante et træ
"https://www.hojskolesangbogen.dk/om-sangbogen/historier-om-sangene/s/saa-laenge-skutan-kan-gaa/", 105. Så länge skutan kan gå
"https://www.hojskolesangbogen.dk/om-sangbogen/historier-om-sangene/a-c/barndommens-gade", 106. Barndommens gade
"https://www.hojskolesangbogen.dk/om-sangbogen/historier-om-sangene/e-g/gaa-stille-og-tyst", 107. Gå stille og tyst

"https://www.hojskolesangbogen.dk/om-sangbogen/historier-om-sangene/v/vi-der-valgte-regnen/", 108. Vi, der valgte regnen
"https://www.hojskolesangbogen.dk/om-sangbogen/historier-om-sangene/v/vaere-digtet/", 109. Være-digtet
"https://www.hojskolesangbogen.dk/om-sangbogen/historier-om-sangene/e-g/et-mannakorn/", 110. Et mannakorn
"https://www.hojskolesangbogen.dk/om-sangbogen/historier-om-sangene/d/du-ska-faa-en-dag-i-maaraa/", 111. Du ska få en dag i mårå
"https://www.hojskolesangbogen.dk/om-sangbogen/historier-om-sangene/h-i/har-du-visor-min-vaen/", 112. Har du visor, min vän
"https://www.hojskolesangbogen.dk/om-sangbogen/historier-om-sangene/j-l/let-it-be/", 113. Let it be
"https://www.hojskolesangbogen.dk/om-sangbogen/historier-om-sangene/j-l/life-on-mars", 114. Life on Mars
"https://www.hojskolesangbogen.dk/om-sangbogen/historier-om-sangene/m-n/noget-om-kraft/", 115. Noget om kraft
"https://www.hojskolesangbogen.dk/om-sangbogen/historier-om-sangene/e-g/et-samfund-kan-vaere-saa-stenet/", 116. Et samfund kan være så stenet
"https://www.hojskolesangbogen.dk/om-sangbogen/historier-om-sangene/m-n/mens-jorden-driver-roligt-rundt/", 117. Mens jorden driver roligt rundt
"https://www.hojskolesangbogen.dk/om-sangbogen/historier-om-sangene/v/vi-har-kun-en-sol/", 118. Vi har kun én sol
"https://www.hojskolesangbogen.dk/om-sangbogen/historier-om-sangene/d/duerne-flyver-af-og-til-op/", 119. Duerne flyver af og til op
"https://www.hojskolesangbogen.dk/om-sangbogen/historier-om-sangene/o-r/raindrops-keep-fallin-on-my-head", 120. Raindrops Keep Fallin' on My Head
"https://www.hojskolesangbogen.dk/om-sangbogen/historier-om-sangene/a-c/both-sides-now", 121. Both Sides Now
"https://www.hojskolesangbogen.dk/om-sangbogen/historier-om-sangene/w-aa/what-a-wonderful-world/", 122. What a Wonderful World
"https://www.hojskolesangbogen.dk/om-sangbogen/historier-om-sangene/o-r/perfect-day", 123. Perfect Day
"https://www.hojskolesangbogen.dk/om-sangbogen/historier-om-sangene/e-g/for-livet-ikke-for-skolen/", 124. For livet, ikke for skolen
"https://www.hojskolesangbogen.dk/om-sangbogen/historier-om-sangene/j-l/jeg-ejer-baade-mark-og-eng/", 125. Jeg ejer både mark og eng
"https://www.hojskolesangbogen.dk/om-sangbogen/historier-om-sangene/t-u/taenk-at-livet-koster-livet", 126. Tænk, at livet koster livet

"https://www.hojskolesangbogen.dk/om-sangbogen/historier-om-sangene/m-n/naar-jeg-blir-gammel", 127. Når jeg bli'r gammel
"https://www.hojskolesangbogen.dk/om-sangbogen/historier-om-sangene/m-n/moerkets-sang/", 128. Mørkets sang

"https://www.hojskolesangbogen.dk/om-sangbogen/historier-om-sangene/a-c/barndommens-land/", 129. Barndommens land
"https://www.hojskolesangbogen.dk/om-sangbogen/historier-om-sangene/t-u/udsigt-med-kikkert/", 130. Udsigt i kikkert
"https://www.hojskolesangbogen.dk/om-sangbogen/historier-om-sangene/s/svantes-sorte-vise/", 131. Svantes sorte vise
"https://www.hojskolesangbogen.dk/om-sangbogen/historier-om-sangene/s/svantes-svanesang", 132. Svantes Svanesang
"https://www.hojskolesangbogen.dk/om-sangbogen/historier-om-sangene/j-l/langebro", 133. Langebro
"https://www.hojskolesangbogen.dk/om-sangbogen/historier-om-sangene/m-n/masser-af-succes", 134. Masser af succes
"https://www.hojskolesangbogen.dk/om-sangbogen/historier-om-sangene/o-r/om-lidt-blir-her-stille/", 135. Om lidt bli'r her stille
"https://www.hojskolesangbogen.dk/om-sangbogen/historier-om-sangene/o-r/papirsklip/", 136. Papirsklip
"https://www.hojskolesangbogen.dk/om-sangbogen/historier-om-sangene/d/de-smukke-unge-mennesker/", 137. De smukke unge mennesker
"https://www.hojskolesangbogen.dk/om-sangbogen/historier-om-sangene/m-n/moder-jord", 138. Moder Jord
"https://www.hojskolesangbogen.dk/om-sangbogen/historier-om-sangene/d/den-lige-vej", 139. Den lige vej
"https://www.hojskolesangbogen.dk/om-sangbogen/historier-om-sangene/j-l/kys-det-nu-det-satans-liv", 140. Kys det nu, det satans liv
"https://www.hojskolesangbogen.dk/om-sangbogen/historier-om-sangene/w-aa/aabent-landskab", 141. Åbent landskab
"https://www.hojskolesangbogen.dk/om-sangbogen/historier-om-sangene/j-l/livstraeet/", 142. Livstræet
"https://www.hojskolesangbogen.dk/om-sangbogen/historier-om-sangene/h-i/hvad-er-vel-livet-uden-musik/", 143. Hvad er vel livet uden musik
"https://www.hojskolesangbogen.dk/om-sangbogen/historier-om-sangene/j-l/j-va-lidijn-horra", 144. Jâ va lidinj horra
"https://www.hojskolesangbogen.dk/om-sangbogen/historier-om-sangene/t-u/those-who-were", 145. Those Who Were
"https://www.hojskolesangbogen.dk/om-sangbogen/historier-om-sangene/h-i/ive-seen-it-all", 146. I've Seen it All

"https://www.hojskolesangbogen.dk/om-sangbogen/historier-om-sangene/j-l/linedanser/", 147. Linedanser
"https://www.hojskolesangbogen.dk/om-sangbogen/historier-om-sangene/s/sat-her-i-forvirringstiden/", 148. Sat her i forvirringstiden
"https://www.hojskolesangbogen.dk/om-sangbogen/historier-om-sangene/m-n/nu-regner-det-saa-stille/", 149. Nu regner det så stille
"https://www.hojskolesangbogen.dk/om-sangbogen/historier-om-sangene/t-u/taend-et-lys-for-mig", 150. Tænd et lys for mig
"https://www.hojskolesangbogen.dk/om-sangbogen/historier-om-sangene/v/vaar-beste-dag", 151. Vår beste dag
"https://www.hojskolesangbogen.dk/om-sangbogen/historier-om-sangene/d/daaser-rasler-i-morgengry/", 152. Dåser rasler i morgengry

"https://www.hojskolesangbogen.dk/om-sangbogen/historier-om-sangene/e-g/eg-ser/", 153. Eg ser
"https://www.hojskolesangbogen.dk/om-sangbogen/historier-om-sangene/h-i/i-m-a-photographer/", 154. I’m a photographer
"https://www.hojskolesangbogen.dk/om-sangbogen/historier-om-sangene/m-n/mirakelnatten", 155. Mirakelnatten
"https://www.hojskolesangbogen.dk/om-sangbogen/historier-om-sangene/h-i/har-du-fyr", 156. Har du fyr
"https://www.hojskolesangbogen.dk/om-sangbogen/historier-om-sangene/v/vi-henter-tidevandet-ind", 157. Vi henter tidevandet ind
"https://www.hojskolesangbogen.dk/om-sangbogen/historier-om-sangene/v/vidunderligt-taenkt", 158. Vidunderligt tænkt
"https://www.hojskolesangbogen.dk/om-sangbogen/historier-om-sangene/t-u/undertiden", 159. Undertiden
"https://www.hojskolesangbogen.dk/om-sangbogen/historier-om-sangene/h-i/hvad-taenker-ingrid-paa", 160. Hvad tænker Ingrid på
"https://www.hojskolesangbogen.dk/om-sangbogen/historier-om-sangene/m-n/natskygge", 161. Natskygge
"https://www.hojskolesangbogen.dk/om-sangbogen/historier-om-sangene/s/som-en-hvisken-gennem-kornet", 162. Som en hvisken gennem kornet

"https://www.hojskolesangbogen.dk/om-sangbogen/historier-om-sangene/h-i/har-doeden-taget-noget-fra-dig-saa-giv-det-tilbage/", 163. Har døden taget noget fra dig, så giv det tilbage
"https://www.hojskolesangbogen.dk/om-sangbogen/historier-om-sangene/o-r/ramadan-i-koebenhavn/", 164. Ramadan I København
"https://www.hojskolesangbogen.dk/om-sangbogen/historier-om-sangene/a-c/at-doe-er-at-rejse", 165. At dø er at rejse
"https://www.hojskolesangbogen.dk/om-sangbogen/historier-om-sangene/d/der-findes-en-livstid-for-alting-paa-jorden", 166. Der findes en livstid for alting på jorden
"https://www.hojskolesangbogen.dk/om-sangbogen/historier-om-sangene/e-g/for-vist-vil-de-komme/", 167. For vist vil de komme

"https://www.hojskolesangbogen.dk/om-sangbogen/historier-om-sangene/j-l/kaos-i-min-hjerne/", 168  Kaos i min hjerne
"https://www.hojskolesangbogen.dk/om-sangbogen/historier-om-sangene/a-c/afmagtssang", 169. Afmagtssang
"https://www.hojskolesangbogen.dk/om-sangbogen/historier-om-sangene/s/solhverv", 170. Solhverv
"https://www.hojskolesangbogen.dk/om-sangbogen/historier-om-sangene/a-c/blomsterkransebrud", 171. Blomsterkransebrud


"https://www.hojskolesangbogen.dk/om-sangbogen/historier-om-sangene/m-n/moders-navn-er-en-himmelsk-lyd/", 172. Moders navn er en himmelsk lyd
"https://www.hojskolesangbogen.dk/om-sangbogen/historier-om-sangene/j-l/jeg-gik-mig-ud-en-sommerdag/", 173. Jeg gik mig ud en sommerdag
"https://www.hojskolesangbogen.dk/om-sangbogen/historier-om-sangene/v/velkommen-i-den-groenne-lund/", 174. Velkommen i den grønne lund
"https://www.hojskolesangbogen.dk/om-sangbogen/historier-om-sangene/v/vort-modersmaal-er-dejligt/", 175. Vort modersmål er dejligt
"https://www.hojskolesangbogen.dk/om-sangbogen/historier-om-sangene/s/sangen-har-lysning/", 176. Sangen har lysning
"https://www.hojskolesangbogen.dk/om-sangbogen/historier-om-sangene/d/derfor-kan-vort-oeje-glaedes/", 177. Derfor kan vort øje glædes
"https://www.hojskolesangbogen.dk/om-sangbogen/historier-om-sangene/m-n/mi-naaaabo-pe-sme/", 178. Mi nååbo, Pe Sme
"https://www.hojskolesangbogen.dk/om-sangbogen/historier-om-sangene/d/den-danske-sang-er-en-ung-blond-pige/", 179. Den danske sang er en ung blond pige
"https://www.hojskolesangbogen.dk/om-sangbogen/historier-om-sangene/s/sproget/", 180. Sproget
"https://www.hojskolesangbogen.dk/om-sangbogen/historier-om-sangene/a-c/at-laere-er-at-ville-befri-sin-ensomhed/", 181. At lære er at ville befri sin ensomhed
"https://www.hojskolesangbogen.dk/om-sangbogen/historier-om-sangene/d/der-truer-os-i-tiden/", 182. Der truer os i tiden
"https://www.hojskolesangbogen.dk/om-sangbogen/historier-om-sangene/e-g/egetraeet-tungt-af-alder/", 183. Egetræet tungt af alder
"https://www.hojskolesangbogen.dk/om-sangbogen/historier-om-sangene/j-l/jeg-ser-de-lette-skyer/", 184. Jeg ser de lette skyer
"https://www.hojskolesangbogen.dk/om-sangbogen/historier-om-sangene/j-l/julies-sprog/", 185. Julies sprog
"https://www.hojskolesangbogen.dk/om-sangbogen/historier-om-sangene/h-i/i-hjerterne-begynder/", 186. I hjerterne begynder
"https://www.hojskolesangbogen.dk/om-sangbogen/historier-om-sangene/d/de-ord-jeg-synger/", 187. De ord, jeg synger
"https://www.hojskolesangbogen.dk/om-sangbogen/historier-om-sangene/j-l/jeg-laerte-som-lille-at-tonerne-gror", 188. Jeg lærte som lille, at tonerne gror
"https://www.hojskolesangbogen.dk/om-sangbogen/historier-om-sangene/a-c/billeder-af-brand-og-mord/", 189. Billeder af brand og mord
"https://www.hojskolesangbogen.dk/om-sangbogen/historier-om-sangene/h-i/hvad-findes-der-mere", 190. Hvad findes der mere


"https://www.hojskolesangbogen.dk/om-sangbogen/historier-om-sangene/e-g/frihed-er-det-bedste-guld/", 191. Frihed er det bedste guld
"https://www.hojskolesangbogen.dk/om-sangbogen/historier-om-sangene/e-g/freude-schoener-goetterfunken/", 192. Freude, schöner Götterfunken
"https://www.hojskolesangbogen.dk/om-sangbogen/historier-om-sangene/s/skuld-gammel-venskab-rejn-forgo/", 194. Auld Lang Syne
"https://www.hojskolesangbogen.dk/om-sangbogen/historier-om-sangene/a-c/at-samles-skilles-ad/", 195. At samles, skilles ad
"https://www.hojskolesangbogen.dk/om-sangbogen/historier-om-sangene/d/die-gedanken-sind-frei/", 196. Die Gedanken sind frei!
"https://www.hojskolesangbogen.dk/om-sangbogen/historier-om-sangene/e-g/folket-er-endnu-forblindet/", 197. Folket er endnu forblindet
"https://www.hojskolesangbogen.dk/om-sangbogen/historier-om-sangene/o-r/over-de-hoeje-fjelde/", 198. Over de høje fjelde

"https://www.hojskolesangbogen.dk/om-sangbogen/historier-om-sangene/d/den-traenger-ud-til-hvert-et-sted/", 199. Den trænger ud til hvert et sted
"https://www.hojskolesangbogen.dk/om-sangbogen/historier-om-sangene/o-r/ole-sad-paa-en-knold-og-sang/", 200. Ole sad på en knold og sang
"https://www.hojskolesangbogen.dk/om-sangbogen/historier-om-sangene/j-l/kringsatt-av-fiender/", 201. Kringsatt av fiender
"https://www.hojskolesangbogen.dk/om-sangbogen/historier-om-sangene/m-n/noget-om-helte/", 202. Noget om helte
"https://www.hojskolesangbogen.dk/om-sangbogen/historier-om-sangene/m-n/noget-om-billigrejser/", 203. Noget om billigrejser
"https://www.hojskolesangbogen.dk/om-sangbogen/historier-om-sangene/t-u/ulandsvise/", 204. Ulandsvise
"https://www.hojskolesangbogen.dk/om-sangbogen/historier-om-sangene/h-i/in-my-life/", 205. In My Life
"https://www.hojskolesangbogen.dk/om-sangbogen/historier-om-sangene/w-aa/with-a-little-help-from-my-friends/", 206. With a Little Help from My Friends

"https://www.hojskolesangbogen.dk/om-sangbogen/historier-om-sangene/h-i/imagine", 207. Imagine
"https://www.hojskolesangbogen.dk/om-sangbogen/historier-om-sangene/s/saa-dyrker-de-korn-paa-et-alter-i-chile/", 208. Så dyrker de korn på et alter i Chile
"https://www.hojskolesangbogen.dk/om-sangbogen/historier-om-sangene/e-g/giv-dem-himlen-tilbage/", 209. Giv dem himlen tilbage
"https://www.hojskolesangbogen.dk/om-sangbogen/historier-om-sangene/s/saang-til-friheten/", 210. Sång til friheten

"https://www.hojskolesangbogen.dk/om-sangbogen/historier-om-sangene/d/der-findes-en-frihed", 211. Der findes en frihed
"https://www.hojskolesangbogen.dk/om-sangbogen/historier-om-sangene/d/danskerne-findes-i-mange-modeller/", 212. Danskerne findes i mange modeller
"https://www.hojskolesangbogen.dk/om-sangbogen/historier-om-sangene/a-c/at-kende-sig-selv/", 213. At kende sig selv
"https://www.hojskolesangbogen.dk/om-sangbogen/historier-om-sangene/w-aa/youve-got-a-friend/", 214. You've Got a Friend

"https://www.hojskolesangbogen.dk/om-sangbogen/historier-om-sangene/h-i/hvor-du-saetter-din-fod/", 215. Hvor du sætter din fod
"https://www.hojskolesangbogen.dk/om-sangbogen/historier-om-sangene/j-l/jeg-droemmer-saa-tit-om-et-sted/", 216. Jeg drømmer så tit om et sted

"https://www.hojskolesangbogen.dk/om-sangbogen/historier-om-sangene/e-g/en-saang-till-modet/", 217. En sång til modet
"https://www.hojskolesangbogen.dk/om-sangbogen/historier-om-sangene/e-g/gi-os-lyset-tilbage/", 218. Gi' os lyset tilbage
"https://www.hojskolesangbogen.dk/om-sangbogen/historier-om-sangene/s/syv-kjoler-for-synligheden", 219. Syv kjoler for synligheden
"https://www.hojskolesangbogen.dk/om-sangbogen/historier-om-sangene/e-g/frit-land/", 220. Frit land
"https://www.hojskolesangbogen.dk/om-sangbogen/historier-om-sangene/e-g/er-der-steder-hvor-sandheden-synger", 221. Er de rsteder hvor sandheden synger
"https://www.hojskolesangbogen.dk/om-sangbogen/historier-om-sangene/w-aa/aabent-hjerte", 222. Åbent hjerte
"https://www.hojskolesangbogen.dk/om-sangbogen/historier-om-sangene/h-i/i-mit-graenseland", 223. I mit grænseland
"https://www.hojskolesangbogen.dk/om-sangbogen/historier-om-sangene/d/de-unges-sang", 224. De unges sang
"https://www.hojskolesangbogen.dk/om-sangbogen/historier-om-sangene/d/dommen-er-faldet-ingen-appel", 225. Dommen er faldet, ingen appel
"https://www.hojskolesangbogen.dk/om-sangbogen/historier-om-sangene/e-g/frihedens-lysdoegn/", 226. Frihedens lysdøgn


"https://www.hojskolesangbogen.dk/om-sangbogen/historier-om-sangene/v/vaer-velkommen-herrens-aar-advent/", 227. Vær velkommen, herrens år (advent)
"https://www.hojskolesangbogen.dk/om-sangbogen/historier-om-sangene/s/skyerne-graaner-og-loevet-falder/", 228. Skyerne gråner, og løvet falder
"https://www.hojskolesangbogen.dk/om-sangbogen/historier-om-sangene/d/det-foerste-lys-er-ordet-talt-af-gud/", 229. Det første lys er Ordet, talt af Gud
"https://www.hojskolesangbogen.dk/om-sangbogen/historier-om-sangene/e-g/goer-doeren-hoej-goer-porten-vid/", 230. Gør døren høj, gør porten vid
"https://www.hojskolesangbogen.dk/om-sangbogen/historier-om-sangene/a-c/blomstre-som-en-rosengaard/", 231. Blomstre som en rosengård
"https://www.hojskolesangbogen.dk/om-sangbogen/historier-om-sangene/d/der-er-noget-i-luften/", 232. Der er noget i luften
"https://www.hojskolesangbogen.dk/om-sangbogen/historier-om-sangene/h-i/hold-haabet-op", 233. Hold håbet op
"https://www.hojskolesangbogen.dk/om-sangbogen/historier-om-sangene/d/december-aarets-endeligt", 234. December: årets endeligt


"https://www.hojskolesangbogen.dk/om-sangbogen/historier-om-sangene/j-l/lovet-vaere-du-jesus-krist/", 235. Lovet være du, Jesus Krist
"https://www.hojskolesangbogen.dk/om-sangbogen/historier-om-sangene/e-g/en-rose-saa-jeg-skyde/", 236. En rose så jeg skyde
"https://www.hojskolesangbogen.dk/om-sangbogen/historier-om-sangene/h-i/hjerte-loeft-din-glaedes-vinger/", 237. Hjerte, løft din glædes vinger
"https://www.hojskolesangbogen.dk/om-sangbogen/historier-om-sangene/h-i/i-denne-soede-juletid/", 238. I denne søde juletid
"https://www.hojskolesangbogen.dk/om-sangbogen/historier-om-sangene/d/den-yndigste-rose-er-funden/", 239. Den yndigste rose er funden
"https://www.hojskolesangbogen.dk/om-sangbogen/historier-om-sangene/m-n/mit-hjerte-altid-vanker/", 240. Mit hjerte altid vanker
"https://www.hojskolesangbogen.dk/om-sangbogen/historier-om-sangene/d/det-kimer-nu-til-julefest/", 241. Det kimer nu til julefest
"https://www.hojskolesangbogen.dk/om-sangbogen/historier-om-sangene/e-g/et-barn-er-foedt-i-betlehem/", 242. Et barn er født i Betlehem
"https://www.hojskolesangbogen.dk/om-sangbogen/historier-om-sangene/v/velkommen-igen-guds-engle-smaa/", 243. Velkommen igen, Guds engle små
"https://www.hojskolesangbogen.dk/om-sangbogen/historier-om-sangene/j-l/lad-det-klinge-soedt-i-sky/", 244. Lad det klinge sødt i sky
"https://www.hojskolesangbogen.dk/om-sangbogen/historier-om-sangene/j-l/julen-har-englelyd/", 245. Julen har englelyd
"https://www.hojskolesangbogen.dk/om-sangbogen/historier-om-sangene/j-l/kimer-i-klokker/", 246. Kimer, I klokker!
"https://www.hojskolesangbogen.dk/om-sangbogen/historier-om-sangene/a-c/barn-jesus-i-en-krybe-laa/", 247. Barn Jesus i en krybe lå
"https://www.hojskolesangbogen.dk/om-sangbogen/historier-om-sangene/j-l/julen-har-bragt-velsignet-bud/", 248. Julen har bragt velsignet bud
"https://www.hojskolesangbogen.dk/om-sangbogen/historier-om-sangene/e-g/glade-julstille-nachtsilent-night/", 251. Silent Night, Holy Night
"https://www.hojskolesangbogen.dk/om-sangbogen/historier-om-sangene/o-r/o-come-all-ye-faithful/", 252. O come, all ye faithful
"https://www.hojskolesangbogen.dk/om-sangbogen/historier-om-sangene/h-i/hark-the-herald-angels-sing/", 253. Hark! The herald angels sing
"https://www.hojskolesangbogen.dk/om-sangbogen/historier-om-sangene/a-c/away-in-a-manger/", 254. Away in a manger

"https://www.hojskolesangbogen.dk/om-sangbogen/historier-om-sangene/m-n/nu-taendes-tusind-julelys/", 255. Nu tændes tusind julelys
"https://www.hojskolesangbogen.dk/om-sangbogen/historier-om-sangene/e-g/en-stjerne-skinner-i-natt", 256. En stjerne skinner i natt
"https://www.hojskolesangbogen.dk/om-sangbogen/historier-om-sangene/h-i/happy-xmas-war-is-over/", 257. Happy Xmas (War Is Over)
"https://www.hojskolesangbogen.dk/om-sangbogen/historier-om-sangene/j-l/lille-messias", 258. Lille Messias
"https://www.hojskolesangbogen.dk/om-sangbogen/historier-om-sangene/j-l/juletraeet-med-sin-pynt", 259. Juletræet med sin pynt
"https://www.hojskolesangbogen.dk/om-sangbogen/historier-om-sangene/h-i/hoejt-fra-traeets-groenne-top", 260. Højt fra træets grønne top
"https://www.hojskolesangbogen.dk/om-sangbogen/historier-om-sangene/d/decembernat", 261. Decembernat


"https://www.hojskolesangbogen.dk/om-sangbogen/historier-om-sangene/s/solhvervssang/", 262. Solhvervssang
"https://www.hojskolesangbogen.dk/om-sangbogen/historier-om-sangene/v/vaer-velkommen-herrens-aar-nytaar/", 263. Vær velkommen, herrens år (nytår)
"https://www.hojskolesangbogen.dk/om-sangbogen/historier-om-sangene/d/dejlig-er-den-himmelblaa/", 264. Dejlig er den himmelblå


"https://www.hojskolesangbogen.dk/om-sangbogen/historier-om-sangene/s/som-aaret-gaar", 265. Som året går
"https://www.hojskolesangbogen.dk/om-sangbogen/historier-om-sangene/j-l/januar-puster-sin-rastloese-vilje", 266. Januar puster sin rastløse vilje
"https://www.hojskolesangbogen.dk/om-sangbogen/historier-om-sangene/j-l/januar-har-sne-paa-huen", 267. Janur har sne på huen
"https://www.hojskolesangbogen.dk/om-sangbogen/historier-om-sangene/s/sneen-daekker-mark-og-mose/", 268. Sneen dækker mark og mose
"https://www.hojskolesangbogen.dk/om-sangbogen/historier-om-sangene/h-i/i-sne-staar-urt-og-busk-i-skjul/", 269. I sne står urt og busk i skjul
"https://www.hojskolesangbogen.dk/om-sangbogen/historier-om-sangene/d/det-er-hvidt-herude/", 270. Det er hvidt herude
"https://www.hojskolesangbogen.dk/om-sangbogen/historier-om-sangene/d/der-er-ingenting-i-verden-saa-stille-som-sne/", 271. Der er ingenting i verden så stille som sne
"https://www.hojskolesangbogen.dk/om-sangbogen/historier-om-sangene/s/sneflokke-kommer-vrimlende/", 272. Sneflokke kommer vrimlende
"https://www.hojskolesangbogen.dk/om-sangbogen/historier-om-sangene/s/spurven-sidder-stum-bag-kvist/", 273. Spurven sidder stum bag kvis
"https://www.hojskolesangbogen.dk/om-sangbogen/historier-om-sangene/d/den-nye-sne/", 274. Den nye sne
"https://www.hojskolesangbogen.dk/om-sangbogen/historier-om-sangene/t-u/tidlig-vaar/", 275. Tidlig vår
"https://www.hojskolesangbogen.dk/om-sangbogen/historier-om-sangene/e-g/guds-naade-er-en-vintergaek/", 276. Guds nåde er en vintergæk
"https://www.hojskolesangbogen.dk/om-sangbogen/historier-om-sangene/e-g/februar", 277. Februar
"https://www.hojskolesangbogen.dk/om-sangbogen/historier-om-sangene/d/det-lyser-koldt-i-februar", 278. Det lyser koldt i februar
"https://www.hojskolesangbogen.dk/om-sangbogen/historier-om-sangene/j-l/kom-maj-du-soede-milde/", 279. Kom, maj, du søde, milde!
"https://www.hojskolesangbogen.dk/om-sangbogen/historier-om-sangene/j-l/liden-sol-i-disse-uger/", 280. Liden sol i disse uger


"https://www.hojskolesangbogen.dk/om-sangbogen/historier-om-sangene/d/den-blaa-anemone/", 281. Den blå anemone
"https://www.hojskolesangbogen.dk/om-sangbogen/historier-om-sangene/j-l/lysfyldt-morgen-til-marven-kold/", 282. Lysfyldt morgen, til marven kold

"https://www.hojskolesangbogen.dk/om-sangbogen/historier-om-sangene/e-g/frydeligt-med-jubelkor/", 283. Frydeligt med jubelkor
"https://www.hojskolesangbogen.dk/om-sangbogen/historier-om-sangene/d/den-kedsom-vinter-gik-sin-gang/", 284. Den kedsom vinter gik sin gang
"https://www.hojskolesangbogen.dk/om-sangbogen/historier-om-sangene/m-n/naar-vinteren-rinder-i-groeft-og-i-grav/", 285. Når vinteren rinder i grøft og i grav
"https://www.hojskolesangbogen.dk/om-sangbogen/historier-om-sangene/s/som-de-foerste-foraarsdage", 286. Som de første forårsdage
"https://www.hojskolesangbogen.dk/om-sangbogen/historier-om-sangene/d/det-er-i-dag-et-vejr-et-solskinsvejr/", 287. Det er i dag et vejr - et solskinsvejr
"https://www.hojskolesangbogen.dk/om-sangbogen/historier-om-sangene/v/velkommen-laerkelil/", 288. Velkommen, lærkelil!
"https://www.hojskolesangbogen.dk/om-sangbogen/historier-om-sangene/d/det-er-laerkernes-tid/", 289. Det er lærkernes tid
"https://www.hojskolesangbogen.dk/om-sangbogen/historier-om-sangene/m-n/nu-haelder-europa-mod-sol-igen", 290. Nu hælder Europa mod sol igen
"https://www.hojskolesangbogen.dk/om-sangbogen/historier-om-sangene/a-c/bedstefar-tag-dine-taender-paa/", 291. Bedstefar, tag dine tænder på
"https://www.hojskolesangbogen.dk/om-sangbogen/historier-om-sangene/j-l/luk-doeren-op-og-se/", 292. Luk døren op og se
"https://www.hojskolesangbogen.dk/om-sangbogen/historier-om-sangene/e-g/foraarssang-uden-haab", 293. Forårssang uden håb
"https://www.hojskolesangbogen.dk/om-sangbogen/historier-om-sangene/s/sommerfuglen", 294. Sommerfuglen
"https://www.hojskolesangbogen.dk/om-sangbogen/historier-om-sangene/d/den-gamle-skaerslippers-foraarssang", 295. Den gamle skærslippers forårssang
"https://www.hojskolesangbogen.dk/om-sangbogen/historier-om-sangene/v/verden-er-vaad-og-lys", 296. Verden er våd og lys


"https://www.hojskolesangbogen.dk/om-sangbogen/historier-om-sangene/o-r/paaskemorgen/", 297. Påskemorgen

"https://www.hojskolesangbogen.dk/om-sangbogen/historier-om-sangene/s/som-den-gyldne-sol-frembryder/", 298. Som den gyldne sol frembryder
"https://www.hojskolesangbogen.dk/om-sangbogen/historier-om-sangene/o-r/paaskeblomst-hvad-vil-du-her/", 299. Påskeblomst! hvad vil du her
"https://www.hojskolesangbogen.dk/om-sangbogen/historier-om-sangene/t-u/tag-det-sorte-kors-fra-graven/", 300. Tag det sorte kors fra graven
"https://www.hojskolesangbogen.dk/om-sangbogen/historier-om-sangene/h-i/hil-dig-frelser-og-forsoner/", 301. Hil dig, frelser og forsoner
"https://www.hojskolesangbogen.dk/om-sangbogen/historier-om-sangene/j-l/krist-stod-op-af-doede/", 302. Krist stod op af døde
"https://www.hojskolesangbogen.dk/om-sangbogen/historier-om-sangene/s/som-foraarssolen-morgenroed/", 303. Som forårssolen morgenrød
"https://www.hojskolesangbogen.dk/om-sangbogen/historier-om-sangene/h-i/hold-da-op-hvad-sker-der-her", 304. Hold da op! Hvad sker der her


"https://www.hojskolesangbogen.dk/om-sangbogen/historier-om-sangene/j-l/jeg-vaelger-mig-april/", 305. Jeg vælger mig april
"https://www.hojskolesangbogen.dk/om-sangbogen/historier-om-sangene/h-i/hej-april", 306. Hej april
"https://www.hojskolesangbogen.dk/om-sangbogen/historier-om-sangene/e-g/foraarsdag/", 307. Forårsdag
"https://www.hojskolesangbogen.dk/om-sangbogen/historier-om-sangene/h-i/hilsen-til-foraarssolen/", 308. Hilsen til forårssolen
"https://www.hojskolesangbogen.dk/om-sangbogen/historier-om-sangene/d/det-er-saa-koehnt-det-er-saa-dejle/", 309. Det er så køhnt, det er så dejle
"https://www.hojskolesangbogen.dk/om-sangbogen/historier-om-sangene/e-g/groen-er-vaarens-haek/", 310. Grøn er vårens hæk
"https://www.hojskolesangbogen.dk/om-sangbogen/historier-om-sangene/d/den-groenne-soede-vaar/", 311. Den grønne søde vår
"https://www.hojskolesangbogen.dk/om-sangbogen/historier-om-sangene/o-r/opvaavni/", 312. Opvåvni
"https://www.hojskolesangbogen.dk/om-sangbogen/historier-om-sangene/h-i/han-kommer-med-sommer/", 313. Han kommer med sommer
"https://www.hojskolesangbogen.dk/om-sangbogen/historier-om-sangene/s/storken-sidder-paa-bondens-tag/", 314. Storken sidder på bondens tag
"https://www.hojskolesangbogen.dk/om-sangbogen/historier-om-sangene/w-aa/aa-saa-let-er-dit-fodtrin/", 315. Å, så let er dit fodtrin
"https://www.hojskolesangbogen.dk/om-sangbogen/historier-om-sangene/d/det-dirrer-i-luften-af-draabestoev/", 316. Det dirrer i luften af dråbestøv
"https://www.hojskolesangbogen.dk/om-sangbogen/historier-om-sangene/v/vaarvise/", 317. Vårvise

"https://www.hojskolesangbogen.dk/om-sangbogen/historier-om-sangene/m-n/naar-aebletraeets-hvide-gren", 318. Når æbletræets hvide gren

"https://www.hojskolesangbogen.dk/om-sangbogen/historier-om-sangene/h-i/idas-sommarvisa/", 319. Idas sommarvisa
"https://www.hojskolesangbogen.dk/om-sangbogen/historier-om-sangene/s/se-det-summer-af-sol-over-engen/", 320. Se, det summer af sol over engen
"https://www.hojskolesangbogen.dk/om-sangbogen/historier-om-sangene/j-l/lyse-naetter/", 321. Lyse nætter


"https://www.hojskolesangbogen.dk/om-sangbogen/historier-om-sangene/m-n/nu-bede-vi-den-helligaand/", 322. Nu bede vi den Helligånd
"https://www.hojskolesangbogen.dk/om-sangbogen/historier-om-sangene/h-i/i-al-sin-glans-nu-straaler-solen/", 323. I al sin glans nu stråler solen
"https://www.hojskolesangbogen.dk/om-sangbogen/historier-om-sangene/e-g/gak-ud-min-sjael-betragt-med-flid/", 324. Gak ud, min sjæl, betragt med flid


"https://www.hojskolesangbogen.dk/om-sangbogen/historier-om-sangene/d/det-dufter-lysegroent-af-graes/", 325. Sommersalme
"https://www.hojskolesangbogen.dk/om-sangbogen/historier-om-sangene/m-n/nu-blomstertiden-kommer/", 326. Nu blomstertiden kommer
"https://www.hojskolesangbogen.dk/om-sangbogen/historier-om-sangene/m-n/naar-egene-knoppes/", 327. Når egene knoppes
"https://www.hojskolesangbogen.dk/om-sangbogen/historier-om-sangene/m-n/nu-lyser-loev-i-lunde/", 328. Nu lyser løv i lunde
"https://www.hojskolesangbogen.dk/om-sangbogen/historier-om-sangene/e-g/fyldt-med-blomster-blusser/", 329. Fyldt med blomster blusser
"https://www.hojskolesangbogen.dk/om-sangbogen/historier-om-sangene/d/dagvise/", 330. Dagvise
"https://www.hojskolesangbogen.dk/om-sangbogen/historier-om-sangene/h-i/hvor-skoven-dog-er-frisk-og-stor/", 331. Hvor skoven dog er frisk og stor
"https://www.hojskolesangbogen.dk/om-sangbogen/historier-om-sangene/h-i/i-skyggen-vi-vanke/", 332. I skyggen vi vanke
"https://www.hojskolesangbogen.dk/om-sangbogen/historier-om-sangene/d/danmark-nu-blunder-den-lyse-nat/", 333. Danmark nu blunder den lyse nat


"https://www.hojskolesangbogen.dk/om-sangbogen/historier-om-sangene/m-n/midsommervise/", 335. Midsommervise
"https://www.hojskolesangbogen.dk/om-sangbogen/historier-om-sangene/m-n/midsommerteltet-de-lyse-naetter/", 336. Sommersolhvervssang
"https://www.hojskolesangbogen.dk/om-sangbogen/historier-om-sangene/d/doeber-sanger-knaegte-flammer", 337. Døber, sanger, knægte, flammer


"https://www.hojskolesangbogen.dk/om-sangbogen/historier-om-sangene/h-i/herligt-en-sommernat/", 338. Herligt, en sommernat
"https://www.hojskolesangbogen.dk/om-sangbogen/historier-om-sangene/d/du-danske-sommer-jeg-elsker-dig/", 339. Du danske sommer jeg elsker dig
"https://www.hojskolesangbogen.dk/om-sangbogen/historier-om-sangene/t-u/tordenbygen", 340. Tordenbygen
"https://www.hojskolesangbogen.dk/om-sangbogen/historier-om-sangene/s/sommersang-uden-sol", 341. Sommersang uden sol
"https://www.hojskolesangbogen.dk/om-sangbogen/historier-om-sangene/s/se-dig-ud-en-sommerdag/", 342. Se dig ud en sommerdag
"https://www.hojskolesangbogen.dk/om-sangbogen/historier-om-sangene/j-l/jeg-er-havren-jeg-har-bjaelder-paa/", 343. Jeg er havren. Jeg har bjælder på
"https://www.hojskolesangbogen.dk/om-sangbogen/historier-om-sangene/v/vi-skal-ikkje-sova-bort-sumarnatta/", 344. Vi skal ikkje sova bort sumarnatta
"https://www.hojskolesangbogen.dk/om-sangbogen/historier-om-sangene/d/det-er-igen-den-fine-lyse-nat/", 345. Den lyse nat
"https://www.hojskolesangbogen.dk/om-sangbogen/historier-om-sangene/m-n/nu-er-dagen-fuld-af-sang/", 346. Nu er dagen fuld af sang
"https://www.hojskolesangbogen.dk/om-sangbogen/historier-om-sangene/s/sommerens-oe/", 347. Sommerens ø


"https://www.hojskolesangbogen.dk/om-sangbogen/historier-om-sangene/v/vipper-springe/", 348. Vipper springe
"https://www.hojskolesangbogen.dk/om-sangbogen/historier-om-sangene/e-g/en-stille-hoestlig-brusen/", 349. En stille, høstlig brusen
"https://www.hojskolesangbogen.dk/om-sangbogen/historier-om-sangene/m-n/marken-er-mejet/", 350. Marken er mejet, og høet er høstet
"https://www.hojskolesangbogen.dk/om-sangbogen/historier-om-sangene/m-n/nu-er-det-laenge-siden/", 351. Nu er det længe siden
"https://www.hojskolesangbogen.dk/om-sangbogen/historier-om-sangene/d/det-lysner-over-agres-felt/", 352. Det lysner over agres felt
"https://www.hojskolesangbogen.dk/om-sangbogen/historier-om-sangene/s/sensommervise/", 353. Sensommervise
"https://www.hojskolesangbogen.dk/om-sangbogen/historier-om-sangene/v/vaegen-hem-var-mycket-laang/", 354. Vägen hem var mycket lång
"https://www.hojskolesangbogen.dk/om-sangbogen/historier-om-sangene/s/septembers-himmel-er-saa-blaa/", 355. Septembers himmel er så blå
"https://www.hojskolesangbogen.dk/om-sangbogen/historier-om-sangene/s/saesonen-er-slut", 356. Sæsonen er slut


"https://www.hojskolesangbogen.dk/om-sangbogen/historier-om-sangene/v/vi-ploejed-og-vi-saade/", 357. Vi pløjed, og vi så'de
"https://www.hojskolesangbogen.dk/om-sangbogen/historier-om-sangene/d/du-gav-mig-o-herre-en-lod-af-din-jord/", 358. Du gav mig, o Herre, en lod af din jord
"https://www.hojskolesangbogen.dk/om-sangbogen/historier-om-sangene/m-n/nu-falmer-skoven-trindt-om-land/", 359. Nu falmer skoven trindt om land
"https://www.hojskolesangbogen.dk/om-sangbogen/historier-om-sangene/d/du-bakkebloede-bondeland/", 360. Du bakkebløde bondeland
"https://www.hojskolesangbogen.dk/om-sangbogen/historier-om-sangene/e-g/efteraarsblaest/", 361. Efterårsblæst
"https://www.hojskolesangbogen.dk/om-sangbogen/historier-om-sangene/d/det-loevfald-som-vi-kom-saa-alt-for-naer/", 362. Det løvfald, som vi kom så altfor nær
"https://www.hojskolesangbogen.dk/om-sangbogen/historier-om-sangene/o-r/oktoberdagens-skiften/", 363. Oktoberdagens skiften
"https://www.hojskolesangbogen.dk/om-sangbogen/historier-om-sangene/o-r/oktoberdag-i-flammer", 364. Oktoberdag i flammer


"https://www.hojskolesangbogen.dk/om-sangbogen/historier-om-sangene/d/den-store-hvide-flok-vi-se/", 365. Den store hvide flok vi se
"https://www.hojskolesangbogen.dk/om-sangbogen/historier-om-sangene/d/de-sniger-sig-saa-hemmeligt-afsted", 366. De sniger sig så hemmligt afsted
"https://www.hojskolesangbogen.dk/om-sangbogen/historier-om-sangene/d/dagen-blir-saa-kort-ved-allehelgen", 367. Dagen bliver så kort ved Allehelgen


"https://www.hojskolesangbogen.dk/om-sangbogen/historier-om-sangene/o-r/regnvejrsdag-i-november", 368. Regnvejrsdag i november
"https://www.hojskolesangbogen.dk/om-sangbogen/historier-om-sangene/e-g/efteraar", 369. Efterår
"https://www.hojskolesangbogen.dk/om-sangbogen/historier-om-sangene/d/den-sorte-fugl-er-kommet/", 370. Den sorte fugl er kommet
"https://www.hojskolesangbogen.dk/om-sangbogen/historier-om-sangene/m-n/moerk-er-november/", 371. Mørk er november
"https://www.hojskolesangbogen.dk/om-sangbogen/historier-om-sangene/e-g/fra-vest-staar-blaesten", 372. Fra vest står blæsten
"https://www.hojskolesangbogen.dk/om-sangbogen/historier-om-sangene/m-n/november-gaar-tungt-gennem-byen", 373. November går tungt gennem byen
"https://www.hojskolesangbogen.dk/om-sangbogen/historier-om-sangene/m-n/november-igen", 374. November igen
"https://www.hojskolesangbogen.dk/om-sangbogen/historier-om-sangene/d/dybt-haelder-aaret-i-sin-gang/", 375. Dybt hælder året i sin gang


"https://www.hojskolesangbogen.dk/om-sangbogen/historier-om-sangene/d/der-er-et-yndigt-land/", 376. Der er et yndigt land
"https://www.hojskolesangbogen.dk/om-sangbogen/historier-om-sangene/t-u/underlige-aftenlufte/", 377. Underlige aftenlufte
"https://www.hojskolesangbogen.dk/om-sangbogen/historier-om-sangene/j-l/kaer-est-du-foedeland/", 378. Kær est du, fødeland
"https://www.hojskolesangbogen.dk/om-sangbogen/historier-om-sangene/o-r/rosen-blusser-alt-i-danas-have/", 379. Rosen blusser alt i Danas have

"https://www.hojskolesangbogen.dk/om-sangbogen/historier-om-sangene/j-l/langt-hoejere-bjerge/", 380. Langt højere bjerge så vide på jord
"https://www.hojskolesangbogen.dk/om-sangbogen/historier-om-sangene/j-l/kaerlighed-til-faedrelandet/", 381. Kærlighed til fædrelandet
"https://www.hojskolesangbogen.dk/om-sangbogen/historier-om-sangene/e-g/faedreneland/", 382. Fædreneland!
"https://www.hojskolesangbogen.dk/om-sangbogen/historier-om-sangene/d/danmarks-engel/", 383. Danmarks Engel
"https://www.hojskolesangbogen.dk/om-sangbogen/historier-om-sangene/h-i/i-danmark-er-jeg-foedt/", 384. I Danmark er jeg født
"https://www.hojskolesangbogen.dk/om-sangbogen/historier-om-sangene/h-i/hist-hvor-vejen-slaar-en-bugt/", 385. Hist, hvor vejen slår en bugt
"https://www.hojskolesangbogen.dk/om-sangbogen/historier-om-sangene/j-l/jylland-mellem-tvende-have/", 386. Jylland mellem tvende have

"https://www.hojskolesangbogen.dk/om-sangbogen/historier-om-sangene/j-l/jyden-han-ae-staerk-aa-sej/", 387. Jyden han æ stærk å sej
"https://www.hojskolesangbogen.dk/om-sangbogen/historier-om-sangene/j-l/jeg-ved-hvor-der-findes-en-have-saa-skoen/", 388. Jeg ved hvor der findes en have så skøn
"https://www.hojskolesangbogen.dk/om-sangbogen/historier-om-sangene/j-l/jeg-elsker-de-groenne-lunde/", 389. Jeg elsker de grønne lunde
"https://www.hojskolesangbogen.dk/om-sangbogen/historier-om-sangene/h-i/i-synnerjylland-der-er-ae-foejt/", 390. I Synnerjylland, dér er æ føjt
"https://www.hojskolesangbogen.dk/om-sangbogen/historier-om-sangene/v/venner-ser-paa-danmarks-kort/", 391. Venner, ser på Danmarks kort
"https://www.hojskolesangbogen.dk/om-sangbogen/historier-om-sangene/v/vi-sletternes-soenner/", 392. Vi sletternes sønner
"https://www.hojskolesangbogen.dk/om-sangbogen/historier-om-sangene/j-l/jeg-ser-de-boegelyse-oeer/", 393. Jeg ser de bøgelyse øer
"https://www.hojskolesangbogen.dk/om-sangbogen/historier-om-sangene/d/der-dukker-af-disen-min-faedrenejord/", 394. Der dukker af disen min fædrenejord
"https://www.hojskolesangbogen.dk/om-sangbogen/historier-om-sangene/d/du-kaere-blide-danske-baek/", 395. Du kære blide danske bæk
"https://www.hojskolesangbogen.dk/om-sangbogen/historier-om-sangene/h-i/havet-omkring-danmark/", 396. Havet omkring Danmark
"https://www.hojskolesangbogen.dk/om-sangbogen/historier-om-sangene/s/som-en-rejselysten-flaade/", 397. Som en rejselysten flåde
"https://www.hojskolesangbogen.dk/om-sangbogen/historier-om-sangene/d/du-gav-os-de-blomster-som-lyste-imod-os/", 398. Du gav os de blomster, som lyste imod os
"https://www.hojskolesangbogen.dk/om-sangbogen/historier-om-sangene/e-g/for-en-fremmed-barskt-og-fattigt/", 399. For en fremmed barskt og fattigt
"https://www.hojskolesangbogen.dk/om-sangbogen/historier-om-sangene/h-i/hvor-smiler-fager-den-danske-kyst/", 400. Hvor smiler fager den danske kyst
"https://www.hojskolesangbogen.dk/om-sangbogen/historier-om-sangene/a-c/cykelsangen", 401. Cykelsangen

"https://www.hojskolesangbogen.dk/om-sangbogen/historier-om-sangene/a-c/blaesten-gaar-frisk-over-limfjordens-vande/", 402. Blæsten går frisk over Limfjordens vande
"https://www.hojskolesangbogen.dk/om-sangbogen/historier-om-sangene/h-i/her-har-hjertet-hjemme/", 403. Her har hjertet hjemme
"https://www.hojskolesangbogen.dk/om-sangbogen/historier-om-sangene/d/danmarks-dale/", 404. Danmarks dale
"https://www.hojskolesangbogen.dk/om-sangbogen/historier-om-sangene/w-aa/aarstiderne/", 405. Årstiderne
"https://www.hojskolesangbogen.dk/om-sangbogen/historier-om-sangene/d/danmark-dit-indre-ocean/", 406. Danmark, dit indre ocean
"https://www.hojskolesangbogen.dk/om-sangbogen/historier-om-sangene/d/dejlighedssang", 407. Dejlighedssang
"https://www.hojskolesangbogen.dk/om-sangbogen/historier-om-sangene/s/stenen-slaar-smut-paa-det-danske-vand/", 408. Stenen slår smut på det danske vand
"https://www.hojskolesangbogen.dk/om-sangbogen/historier-om-sangene/e-g/farvernes-landskab/", 409. Farvernes landskab
"https://www.hojskolesangbogen.dk/om-sangbogen/historier-om-sangene/d/danmark", 410. Danmark
"https://www.hojskolesangbogen.dk/om-sangbogen/historier-om-sangene/e-g/gamle-danmark/", 411. Gamle Danmark
"https://www.hojskolesangbogen.dk/om-sangbogen/historier-om-sangene/d/der-er-et-venligt-lille-land", 412. Der er et venligt lille land
"https://www.hojskolesangbogen.dk/om-sangbogen/historier-om-sangene/m-n/mit-land/", 413. Mit land
"https://www.hojskolesangbogen.dk/om-sangbogen/historier-om-sangene/e-g/faedrelandet", 414. Fædrelandet
"https://www.hojskolesangbogen.dk/om-sangbogen/historier-om-sangene/d/danmarksfilm/", 415. Danmarksfilm
"https://www.hojskolesangbogen.dk/om-sangbogen/historier-om-sangene/e-g/er-vesterhavet-vest-nok", 416. Er Vesterhavet vest nok


"https://www.hojskolesangbogen.dk/om-sangbogen/historier-om-sangene/m-n/nordisk-hymne", 417. Nordisk Hymne

"https://www.hojskolesangbogen.dk/om-sangbogen/historier-om-sangene/m-n/nunarput-utoqqarsuanngoravit-vort-aeldgamle-land/", 419. Nunarput utoqqarsuanngoravit (Vort ældgamle land)
"https://www.hojskolesangbogen.dk/om-sangbogen/historier-om-sangene/m-n/nuna-asiilasooq-et-vaeldigt-klippeland/", 421. Nuna Asiilasooq (Et vældigt klippeland)
"https://www.hojskolesangbogen.dk/om-sangbogen/historier-om-sangene/h-i/hoejt-over-jorden-den-blaanende-himmel/", 422. Højt over jorden den blånende himmel

"https://www.hojskolesangbogen.dk/om-sangbogen/historier-om-sangene/t-u/ung-har-jeg-vaeret/", 423. Ung har jeg været
"https://www.hojskolesangbogen.dk/om-sangbogen/historier-om-sangene/s/som-en-morgen/", 424. Som en morgen, når solen står strålende op
"https://www.hojskolesangbogen.dk/om-sangbogen/historier-om-sangene/a-c/arnajaraqs-vandringssang", 425. Arnajaraqs vandringssang


"https://www.hojskolesangbogen.dk/om-sangbogen/historier-om-sangene/o-r/o-faero-saa-fager/", 426. O Færø, så fager
"https://www.hojskolesangbogen.dk/om-sangbogen/historier-om-sangene/t-u/t%c3%ba-alfagra-land-m%c3%adtt-o-faero-saa-fager/", 427. Tú alfagra land mítt (O Færo, så fager)
"https://www.hojskolesangbogen.dk/om-sangbogen/historier-om-sangene/d/den-mindste-klump-mit-vaade-land/", 428. Den mindste klump, mit våde land
"https://www.hojskolesangbogen.dk/om-sangbogen/historier-om-sangene/j-l/kom-nu-veninde/", 429. Kom nu veninde
"https://www.hojskolesangbogen.dk/om-sangbogen/historier-om-sangene/m-n/min-blomst/", 430. Min blomst


"https://www.hojskolesangbogen.dk/om-sangbogen/historier-om-sangene/v/vort-hjemlands-gud/", 431. Vort hjemlands Gud
"https://www.hojskolesangbogen.dk/om-sangbogen/historier-om-sangene/o-r/%c3%b3-gu%c3%b0-vors-lands-vort-hjemlands-gud/", 432
"https://www.hojskolesangbogen.dk/om-sangbogen/historier-om-sangene/o-r/o-sommersol-saa-signefuld/", 433. O sommersol, så signefuld!
"https://www.hojskolesangbogen.dk/om-sangbogen/historier-om-sangene/o-r/rid-nu-rid-nu-rask-hen-over-sandet/", 434. Rid nu, rid nu rask hen over sandet


"https://www.hojskolesangbogen.dk/om-sangbogen/historier-om-sangene/j-l/ja-vi-elsker-dette-landet/", 435. Ja, vi elsker dette landet

"https://www.hojskolesangbogen.dk/om-sangbogen/historier-om-sangene/d/du-gamla-du-fria/", 436. Du gamla, du fria
"https://www.hojskolesangbogen.dk/om-sangbogen/historier-om-sangene/e-g/gubben-noach/", 437. Gubben Noach
"https://www.hojskolesangbogen.dk/om-sangbogen/historier-om-sangene/e-g/fjaeriln-vingad-syns-paa-haga/", 438. Fjäriln vingad syns på Haga
"https://www.hojskolesangbogen.dk/om-sangbogen/historier-om-sangene/v/vila-vid-denna-kaella/", 439. Vila vid denna källa!
"https://www.hojskolesangbogen.dk/om-sangbogen/historier-om-sangene/a-c/ack-vaermeland-du-skoena/", 440. Ack, Värmeland, du sköna


"https://www.hojskolesangbogen.dk/om-sangbogen/historier-om-sangene/w-aa/aalandsvisen/", 441. Ålandsvisen
"https://www.hojskolesangbogen.dk/om-sangbogen/historier-om-sangene/v/vaart-land-vaart-land/", 442. Vårt land, vårt land
"https://www.hojskolesangbogen.dk/om-sangbogen/historier-om-sangene/e-g/finlandia", 443. Finlandia


"https://www.hojskolesangbogen.dk/om-sangbogen/historier-om-sangene/e-g/en-yndig-og-frydefuld-sommertid/", 444. En yndig og frydefuld sommertid
"https://www.hojskolesangbogen.dk/om-sangbogen/historier-om-sangene/e-g/greensleves", 445. Greensleves
"https://www.hojskolesangbogen.dk/om-sangbogen/historier-om-sangene/h-i/it-was-a-lover-and-his-lass/", 446. It was a lover and his lass
"https://www.hojskolesangbogen.dk/om-sangbogen/historier-om-sangene/a-c/chrysillis-du-mit-verdens-guld/", 447. Chrysillis, du mit verdens guld
"https://www.hojskolesangbogen.dk/om-sangbogen/historier-om-sangene/j-l/jag-vet-en-dejlig-rosa/", 448. Jag vet en dejlig rosa
"https://www.hojskolesangbogen.dk/om-sangbogen/historier-om-sangene/v/vem-kan-segla-foerutan-vind/", 449. Vem kan segla förutan vind
"https://www.hojskolesangbogen.dk/om-sangbogen/historier-om-sangene/t-u/uti-vaar-hage/", 450. Uti vår hage där växa blå bär

"https://www.hojskolesangbogen.dk/om-sangbogen/historier-om-sangene/h-i/heidenroeslein", 451. Heidenröslein
"https://www.hojskolesangbogen.dk/om-sangbogen/historier-om-sangene/j-l/jeg-kan-se-paa-dine-oejne/", 452. Jeg kan se på dine øjne
"https://www.hojskolesangbogen.dk/om-sangbogen/historier-om-sangene/d/det-var-en-loerdag-aften/", 453. Det var en lørdag aften
"https://www.hojskolesangbogen.dk/om-sangbogen/historier-om-sangene/d/det-var-en-loerdag-aften-ph/", 454. Det var en lørdag aften (PH)
"https://www.hojskolesangbogen.dk/om-sangbogen/historier-om-sangene/v/visa-fraan-utanmyra", 455. Visa från Utanmyra
"https://www.hojskolesangbogen.dk/om-sangbogen/historier-om-sangene/o-r/roselil-og-hendes-moder/", 456. Roselil' og hendes moder
"https://www.hojskolesangbogen.dk/om-sangbogen/historier-om-sangene/h-i/hun-er-soed/", 457. Hun er sød
"https://www.hojskolesangbogen.dk/om-sangbogen/historier-om-sangene/m-n/mads-doss/", 458. Mads Doss
"https://www.hojskolesangbogen.dk/om-sangbogen/historier-om-sangene/h-i/hvad-er-det-min-marie/", 459. Hvad er det, min Marie
"https://www.hojskolesangbogen.dk/om-sangbogen/historier-om-sangene/d/det-er-saa-yndigt-at-foelges-ad/", 460. Det er så yndigt at følges ad
"https://www.hojskolesangbogen.dk/om-sangbogen/historier-om-sangene/t-u/til-en-veninde", 461. Til en veninde
"https://www.hojskolesangbogen.dk/om-sangbogen/historier-om-sangene/h-i/hvis-jeg-kunne-synge", 462. Hvis jeg kunne synge
"https://www.hojskolesangbogen.dk/om-sangbogen/historier-om-sangene/j-l/landskab", 463. Landskab
"https://www.hojskolesangbogen.dk/om-sangbogen/historier-om-sangene/d/den-milde-dag-er-lys-og-lang/", 464. Den milde dag er lys og lang
"https://www.hojskolesangbogen.dk/om-sangbogen/historier-om-sangene/m-n/min-pige-er-saa-lys-som-rav/", 465. Min pige er så lys som rav
"https://www.hojskolesangbogen.dk/om-sangbogen/historier-om-sangene/d/den-foersta-gaang-jag-saag-dig/", 466. Den första gång jag såg dig
"https://www.hojskolesangbogen.dk/om-sangbogen/historier-om-sangene/h-i/hvorfor-er-lykken-saa-lunefuld", 467. Hvorfor er lykken så lunefuld
"https://www.hojskolesangbogen.dk/om-sangbogen/historier-om-sangene/s/saa-tag-mit-hjerte", 468. Så tag mit hjerte
"https://www.hojskolesangbogen.dk/om-sangbogen/historier-om-sangene/s/stille-nat", 469. Stille nat
"https://www.hojskolesangbogen.dk/om-sangbogen/historier-om-sangene/t-u/til-en-foelsom-veninde/", 470. Til en følsom veninde
"https://www.hojskolesangbogen.dk/om-sangbogen/historier-om-sangene/d/dansevise", 471. Dansevise
"https://www.hojskolesangbogen.dk/om-sangbogen/historier-om-sangene/w-aa/aa-den-som-var-en-loevetann/", 472. Å, den som var en løvetann
"https://www.hojskolesangbogen.dk/om-sangbogen/historier-om-sangene/v/veronica-veronica-var-aer-din-blaaa-hatt/", 473. Veronica, Veronica
"https://www.hojskolesangbogen.dk/om-sangbogen/historier-om-sangene/v/visen-om-de-atten-svaner/", 474. Visen om de atten svaner
"https://www.hojskolesangbogen.dk/om-sangbogen/historier-om-sangene/s/smuk-og-dejlig/", 475. Smuk og dejlig
"https://www.hojskolesangbogen.dk/om-sangbogen/historier-om-sangene/j-l/lille-sang-til-nina/", 476. Lille sang til Nina
"https://www.hojskolesangbogen.dk/om-sangbogen/historier-om-sangene/a-c/aftentur-med-rosalina/", 477. Aftentur med Rosalina
"https://www.hojskolesangbogen.dk/om-sangbogen/historier-om-sangene/d/da-jeg-moedte-dig", 478. Da jeg mødte dig
"https://www.hojskolesangbogen.dk/om-sangbogen/historier-om-sangene/h-i/hallelujah", 479. Hallelujah
"https://www.hojskolesangbogen.dk/om-sangbogen/historier-om-sangene/e-g/forelskelsessang/", 480. Forelskelsessang
"https://www.hojskolesangbogen.dk/om-sangbogen/historier-om-sangene/j-l/kaerlighedssang-ved-et-tab/", 481. Kærlighedssang ved et tab
"https://www.hojskolesangbogen.dk/om-sangbogen/historier-om-sangene/e-g/fields-of-gold", 482. Fields of Gold
"https://www.hojskolesangbogen.dk/om-sangbogen/historier-om-sangene/t-u/undantag", 483. Undantag
"https://www.hojskolesangbogen.dk/om-sangbogen/historier-om-sangene/o-r/right-next-to-the-right-one/", 484. Right next to the right one
"https://www.hojskolesangbogen.dk/om-sangbogen/historier-om-sangene/s/skybrud", 485. Skybrud
"https://www.hojskolesangbogen.dk/om-sangbogen/historier-om-sangene/e-g/fortabt-er-jeg-stadig/", 486. Fortabt er jeg stadig
"https://www.hojskolesangbogen.dk/om-sangbogen/historier-om-sangene/d/de-milde-vinde-en-foraarsnat", 487. De milde vinde en forårsnat


"https://www.hojskolesangbogen.dk/om-sangbogen/historier-om-sangene/d/dronning-dagmar-ligger-udi-ribe-syg/", 488. Dronning Dagmars død
"https://www.hojskolesangbogen.dk/om-sangbogen/historier-om-sangene/e-g/ebbe-skammelsoen/", 489. Ebbe Skammelsøn
"https://www.hojskolesangbogen.dk/om-sangbogen/historier-om-sangene/e-g/elverskud/", 490. Elverskud
"https://www.hojskolesangbogen.dk/om-sangbogen/historier-om-sangene/h-i/harpens-kraft/", 491. Harpens kraft
"https://www.hojskolesangbogen.dk/om-sangbogen/historier-om-sangene/a-c/agnete-og-havmanden/", 492. Agnete og Havmanden
"https://www.hojskolesangbogen.dk/om-sangbogen/historier-om-sangene/o-r/ramund-var-sig-en-bedre-mand/", 493. Ramund var sig en bedre mand
"https://www.hojskolesangbogen.dk/om-sangbogen/historier-om-sangene/d/der-stode-tre-skalke/", 494. Der stode tre skalke
"https://www.hojskolesangbogen.dk/om-sangbogen/historier-om-sangene/d/der-staar-en-lind-i-min-faders-gaard/", 495. Der står en lind i min faders gård
"https://www.hojskolesangbogen.dk/om-sangbogen/historier-om-sangene/t-u/to-soestre", 496. To søstre
"https://www.hojskolesangbogen.dk/om-sangbogen/historier-om-sangene/s/stolt-vesselil", 497. Stolt Vesselil
"https://www.hojskolesangbogen.dk/om-sangbogen/historier-om-sangene/o-r/ravnen", 498. Ravnen
"https://www.hojskolesangbogen.dk/om-sangbogen/historier-om-sangene/a-c/bonden-og-elverpigen", 499. Bonden og Elverpigen
"https://www.hojskolesangbogen.dk/om-sangbogen/historier-om-sangene/j-l/leonoras-vise", 500. Leonoras vise
"https://www.hojskolesangbogen.dk/om-sangbogen/historier-om-sangene/j-l/jeg-husker-det-hele-jeg-husker-ingenting", 501. Jeg husker det hele, jeg husker ingenting
"https://www.hojskolesangbogen.dk/om-sangbogen/historier-om-sangene/v/velfaerdsdoededansen", 502. Velfærdsdødedansen


"https://www.hojskolesangbogen.dk/om-sangbogen/historier-om-sangene/a-c/bladet-i-bogen-sig-vender/", 503. Bladet i bogen sig vender
"https://www.hojskolesangbogen.dk/om-sangbogen/historier-om-sangene/d/du-baerer-din-fortid", 504. Du bærer din fortid
"https://www.hojskolesangbogen.dk/om-sangbogen/historier-om-sangene/s/som-dybest-broend-gir-altid-klarest-vand/", 505. Som dybest brønd gi'r altid klarest vand
"https://www.hojskolesangbogen.dk/om-sangbogen/historier-om-sangene/t-u/universet-var-tavst/", 506. Universet var tavst
"https://www.hojskolesangbogen.dk/om-sangbogen/historier-om-sangene/d/droemte-mig-en-droem-i-nat/", 507. Drømte mig en drøm i nat
"https://www.hojskolesangbogen.dk/om-sangbogen/historier-om-sangene/h-i/i-alle-de-riger-og-lande/", 508. I alle de riger og lande
"https://www.hojskolesangbogen.dk/om-sangbogen/historier-om-sangene/o-r/paa-sjoelunds-fagre-sletter/", 509. På Sjølunds fagre sletter
"https://www.hojskolesangbogen.dk/om-sangbogen/historier-om-sangene/s/sol-er-oppe/", 510. Sol er oppe
"https://www.hojskolesangbogen.dk/om-sangbogen/historier-om-sangene/j-l/kong-vermund-den-gamle/", 511. Kong Vermund den gamle
"https://www.hojskolesangbogen.dk/om-sangbogen/historier-om-sangene/d/danmark-dejligst-vang-og-vaenge/", 512. Danmark, dejligst vang og vænge
"https://www.hojskolesangbogen.dk/om-sangbogen/historier-om-sangene/m-n/morten-luther", 513. Morten Luther
"https://www.hojskolesangbogen.dk/om-sangbogen/historier-om-sangene/o-r/paa-tave-bondes-ager-ved-birkende-by/", 514. På Tave bondes ager ved Birkende by
"https://www.hojskolesangbogen.dk/om-sangbogen/historier-om-sangene/s/skipper-klements-morgensang/", 515. Skipper Klements morgensang
"https://www.hojskolesangbogen.dk/om-sangbogen/historier-om-sangene/j-l/kong-christian-stod-ved-hoejen-mast/", 516. Kong Christian stod ved højen mast
"https://www.hojskolesangbogen.dk/om-sangbogen/historier-om-sangene/j-l/leonoras-morgendigt", 517. Leonoras morgendigt
"https://www.hojskolesangbogen.dk/om-sangbogen/historier-om-sangene/t-u/udrust-dig-helt-fra-golgata/", 518. Udrust dig, helt fra Golgata
"https://www.hojskolesangbogen.dk/om-sangbogen/historier-om-sangene/j-l/kommer-hid-i-piger-smaa/", 519. Kommer hid, I piger små
"https://www.hojskolesangbogen.dk/om-sangbogen/historier-om-sangene/s/sig-naermer-tiden/", 520. Sig nærmer tiden, da jeg må væk
"https://www.hojskolesangbogen.dk/om-sangbogen/historier-om-sangene/d/dengang-jeg-drog-afsted/", 521. Dengang jeg drog afsted
"https://www.hojskolesangbogen.dk/om-sangbogen/historier-om-sangene/h-i/her-rejses-en-skole-som-saa-mange-foer/", 522. Her rejses en skole som så mange før
"https://www.hojskolesangbogen.dk/om-sangbogen/historier-om-sangene/d/det-var-en-sommermorgen/", 523. Det var en sommermorgen
"https://www.hojskolesangbogen.dk/om-sangbogen/historier-om-sangene/d/du-skoenne-land-med-dal-og-bakker-fagre/", 525. Du skønne land med dal og bakker fagre
"https://www.hojskolesangbogen.dk/om-sangbogen/historier-om-sangene/h-i/hvad-synger-du-om/", 526. Hvad synger du om så højt i det blå
"https://www.hojskolesangbogen.dk/om-sangbogen/historier-om-sangene/d/det-som-lysner-over-vangen/", 527. Det, som lysner over vangen
"https://www.hojskolesangbogen.dk/om-sangbogen/historier-om-sangene/e-g/en-vise-om-andemad/", 528. En vise om andemad
"https://www.hojskolesangbogen.dk/om-sangbogen/historier-om-sangene/d/det-haver-saa-nyligen-regnet/", 529. Det haver så nyligen regnet
"https://www.hojskolesangbogen.dk/om-sangbogen/historier-om-sangene/v/vi-saalde-vaara-hemman", 529. Vi sålde våra hemman
"https://www.hojskolesangbogen.dk/om-sangbogen/historier-om-sangene/w-aa/waltzing-matilda", 530. Waltzing Matilda
"https://www.hojskolesangbogen.dk/om-sangbogen/historier-om-sangene/m-n/madeleine/", 531. Madeleine
"https://www.hojskolesangbogen.dk/om-sangbogen/historier-om-sangene/d/det-lyder-som-et-eventyr", 532. Det lyder som et eventyr
"https://www.hojskolesangbogen.dk/om-sangbogen/historier-om-sangene/o-r/rejs-jer-fordoemte-her-paa-jorden/", 533. Rejs jer, fordømte her på jorden
"https://www.hojskolesangbogen.dk/om-sangbogen/historier-om-sangene/e-g/flyv-hoejt-vor-sang-paa-staerke-vinger/", 534. Flyv højt, vor sang, på stærke vinger
"https://www.hojskolesangbogen.dk/om-sangbogen/historier-om-sangene/s/snart-dages-det-broedre/", 535. Snart dages det, brødre, det lysner i øst
"https://www.hojskolesangbogen.dk/om-sangbogen/historier-om-sangene/j-l/jeg-baerer-med-smil-min-byrde/", 536. Jeg bærer med smil min byrde
"https://www.hojskolesangbogen.dk/om-sangbogen/historier-om-sangene/d/det-er-os-det-er-os/", 537. Det er os, det er os
"https://www.hojskolesangbogen.dk/om-sangbogen/historier-om-sangene/m-n/naar-jeg-ser-et-roedt-flag-smaelde/", 538. Når jeg ser et rødt flag smælde
"https://www.hojskolesangbogen.dk/om-sangbogen/historier-om-sangene/d/danmark-for-folket/", 539. Danmark for folket
"https://www.hojskolesangbogen.dk/om-sangbogen/historier-om-sangene/d/die-moorsoldaten/", 540. Die Moorsoldaten
"https://www.hojskolesangbogen.dk/om-sangbogen/historier-om-sangene/d/de-moerke-fugle-floej/", 541. De mørke fugle fløj
"https://www.hojskolesangbogen.dk/om-sangbogen/historier-om-sangene/m-n/man-binder-os-paa-mund-og-haand/", 542. Man binder os på mund og hånd
"https://www.hojskolesangbogen.dk/om-sangbogen/historier-om-sangene/d/den-tiende-muse", 543. DEN TIENDE MUSE
"https://www.hojskolesangbogen.dk/om-sangbogen/historier-om-sangene/d/det-moerkner-i-vort-aar-hoestdigt/", 544. Det mørkner i vort år
"https://www.hojskolesangbogen.dk/om-sangbogen/historier-om-sangene/m-n/men-det-blir-atter-stille-efter-stormen-laengsel/", 545. Men det bli'r atter stille efter stormen
"https://www.hojskolesangbogen.dk/om-sangbogen/historier-om-sangene/e-g/en-laerke-letted-og-tusind-fulgte/", 546. En lærke letted, og tusind fulgte
"https://www.hojskolesangbogen.dk/om-sangbogen/historier-om-sangene/d/det-kom-som-en-susen-ved-aften/", 547. Det kom som en susen ved aften
"https://www.hojskolesangbogen.dk/om-sangbogen/historier-om-sangene/e-g/foraar-over-europa", 548. Forår over Europa
"https://www.hojskolesangbogen.dk/om-sangbogen/historier-om-sangene/j-l/jutlandia", 549. Jutlandia
"https://www.hojskolesangbogen.dk/om-sangbogen/historier-om-sangene/w-aa/where-have-all-the-flowers-gone/", 550. Where have all the flowers gone
"https://www.hojskolesangbogen.dk/om-sangbogen/historier-om-sangene/w-aa/we-shall-overcome", 551. We Shall Overcome
"https://www.hojskolesangbogen.dk/om-sangbogen/historier-om-sangene/a-c/blowin-in-the-wind", 522. Blowin' in the Wind
"https://www.hojskolesangbogen.dk/om-sangbogen/historier-om-sangene/o-r/penny-lane", 553. Penny Lane
"https://www.hojskolesangbogen.dk/om-sangbogen/historier-om-sangene/h-i/i-kan-ikke-slaa-os-ihjel-christiania/", 554. I kan ikke slå os ihjel (Christiania)
"https://www.hojskolesangbogen.dk/om-sangbogen/historier-om-sangene/h-i/i-follow-the-moskva/", 555. Wind of Change
"https://www.hojskolesangbogen.dk/om-sangbogen/historier-om-sangene/e-g/fuglene", 556. Fuglene
"https://www.hojskolesangbogen.dk/om-sangbogen/historier-om-sangene/m-n/man-maa-traekke-en-graense", 557. Man må trække en grænse
"https://www.hojskolesangbogen.dk/om-sangbogen/historier-om-sangene/h-i/hver-dag-en-ny-dag/", 558. Hver dag en ny dag


"https://www.hojskolesangbogen.dk/om-sangbogen/historier-om-sangene/o-r/paradiset/", 559. Paradiset
"https://www.hojskolesangbogen.dk/om-sangbogen/historier-om-sangene/a-c/abraham-sad-i-mamre-lund/", 560. Abraham sad i Mamre-lund
"https://www.hojskolesangbogen.dk/om-sangbogen/historier-om-sangene/j-l/kong-farao-var-en-ugudelig-krop/", 561. Kong Farao var en ugudelig krop
"https://www.hojskolesangbogen.dk/om-sangbogen/historier-om-sangene/j-l/jeg-gik-i-marken-og-vogtede-faar/", 562. Jeg gik i marken og vogtede får
"https://www.hojskolesangbogen.dk/om-sangbogen/historier-om-sangene/e-g/guldkalven/", 563. Guldkalven
"https://www.hojskolesangbogen.dk/om-sangbogen/historier-om-sangene/d/der-sad-en-fisker-saa-tankefuld/", 564. Der sad en fisker så tankefuld
"https://www.hojskolesangbogen.dk/om-sangbogen/historier-om-sangene/h-i/i-kvaeld-blev-der-banket-paa-helvedes-port/", 565. I kvæld blev der banket på helvedes port


"https://www.hojskolesangbogen.dk/om-sangbogen/historier-om-sangene/m-n/nu-hviler-mark-og-enge/", 566. Nu hviler mark og enge
"https://www.hojskolesangbogen.dk/om-sangbogen/historier-om-sangene/d/den-klare-sol-gaar-ned/", 567. Den klare sol går ned
"https://www.hojskolesangbogen.dk/om-sangbogen/historier-om-sangene/s/sig-maanen-langsomt-haever/", 569. Der Mond ist aufgegangen
"https://www.hojskolesangbogen.dk/om-sangbogen/historier-om-sangene/m-n/nu-er-jord-og-himmel-stille/", 570. Nu er jord og himmel stille
"https://www.hojskolesangbogen.dk/om-sangbogen/historier-om-sangene/m-n/natten-er-saa-stille/", 571. Natten er så stille
"https://www.hojskolesangbogen.dk/om-sangbogen/historier-om-sangene/d/der-staar-et-slot-i-vesterled/", 572. Der står et slot i vesterled
"https://www.hojskolesangbogen.dk/om-sangbogen/historier-om-sangene/d/dagen-gaar-med-raske-fjed/", 573. Dagen går med raske fjed
"https://www.hojskolesangbogen.dk/om-sangbogen/historier-om-sangene/a-c/bliv-hos-os-naar-dagen-haelder/", 574. Bliv hos os, når dagen hælder
"https://www.hojskolesangbogen.dk/om-sangbogen/historier-om-sangene/e-g/fred-hviler-over-land-og-by/", 575. Fred hviler over land og by
"https://www.hojskolesangbogen.dk/om-sangbogen/historier-om-sangene/j-l/koelig-det-lufter-i-maaneskin-mat/", 576. Kølig det lufter i måneskin mat

"https://www.hojskolesangbogen.dk/om-sangbogen/historier-om-sangene/a-c/altid-frejdig-naar-du-gaar/", 577. Altid frejdig, når du går
"https://www.hojskolesangbogen.dk/om-sangbogen/historier-om-sangene/w-aa/wiegenlied", 578. Wiegenlied
"https://www.hojskolesangbogen.dk/om-sangbogen/historier-om-sangene/t-u/tunge-moerke-natteskyer/", 579. Tunge, mørke natteskyer
"https://www.hojskolesangbogen.dk/om-sangbogen/historier-om-sangene/j-l/jeronimus-sang/", 580. Jeronimus' sang
"https://www.hojskolesangbogen.dk/om-sangbogen/historier-om-sangene/s/saenk-kun-dit-hoved-du-blomst/", 581. Sænk kun dit hoved, du blomst
"https://www.hojskolesangbogen.dk/om-sangbogen/historier-om-sangene/s/stille-hjerte-sol-gaar-ned-aften/", 582. Stille, hjerte, sol går ned
"https://www.hojskolesangbogen.dk/om-sangbogen/historier-om-sangene/s/sov-min-egen-sov-lille-nor/", 583. Sov, min egen, sov, lille nor
"https://www.hojskolesangbogen.dk/om-sangbogen/historier-om-sangene/a-c/byssan-lull/", 584. Byssan lull

"https://www.hojskolesangbogen.dk/om-sangbogen/historier-om-sangene/s/solen-er-saa-roed-mor/", 585. Solen er så rød, mor
"https://www.hojskolesangbogen.dk/om-sangbogen/historier-om-sangene/e-g/foraarsnat", 586. Forårsnat
"https://www.hojskolesangbogen.dk/om-sangbogen/historier-om-sangene/h-i/herre-min-gud-vad-den-maanen-lyser", 587. Herre min Gud, vad den månen lyser
"https://www.hojskolesangbogen.dk/om-sangbogen/historier-om-sangene/s/sov-paa-min-arm/", 588. Sov på min arm
"https://www.hojskolesangbogen.dk/om-sangbogen/historier-om-sangene/m-n/nu-gaar-solen-sin-vej/", 590. Nu går solen sin vej
"https://www.hojskolesangbogen.dk/om-sangbogen/historier-om-sangene/d/du-som-har-taendt-millioner-af-stjerner/", 591. Du, som har tændt millioner af stjerner
"https://www.hojskolesangbogen.dk/om-sangbogen/historier-om-sangene/e-g/go-nu-nat/", 592. Go' nu nat
"https://www.hojskolesangbogen.dk/om-sangbogen/historier-om-sangene/e-g/et-hav-der-vugger-sig-til-ro/", 593. Et hav, der vugger sig til ro
"https://www.hojskolesangbogen.dk/om-sangbogen/historier-om-sangene/o-r/r", 594. Ró
"https://www.hojskolesangbogen.dk/om-sangbogen/historier-om-sangene/s/sov-nu-soedt/", 595. Sov nu sødt
"https://www.hojskolesangbogen.dk/om-sangbogen/historier-om-sangene/d/de-blaa-og-groenne-naetter", 596. De blå og grønne nætter
"https://www.hojskolesangbogen.dk/om-sangbogen/historier-om-sangene/m-n/nirvana", 597. Nirvana
"https://www.hojskolesangbogen.dk/om-sangbogen/historier-om-sangene/s/saa-min-sol-gaa-bare-ned", 598. Så, min sol, gå bare ned
"https://www.hojskolesangbogen.dk/om-sangbogen/historier-om-sangene/d/dagen-slipper-grebet", 599. Dagen slipper grebet
"https://www.hojskolesangbogen.dk/om-sangbogen/historier-om-sangene/a-c/aftenboen", 600. Aftenbøn
"https://www.hojskolesangbogen.dk/om-sangbogen/historier-om-sangene/h-i/i-skovens-dybe-stille-ro/", 601. I skovens dybe stille ro